,ID_Cliente,Età,Durata_Abbonamento,Tariffa_Mensile,Dati_Consumati,Servizio_Clienti_Contatti,Costo_per_GB,Churn_Num
ID_Cliente,1.0,0.023251650673820855,-0.025297359429003463,0.04992662144213966,-0.038913701820446005,0.0042047385624942625,0.03838886416649345,-0.0012132225247987406
Età,0.023251650673820855,1.0,-0.04718490833751655,0.011393635473779563,0.011000207075607577,0.03125884517783221,-0.011672330802140505,0.06692463219672491
Durata_Abbonamento,-0.025297359429003463,-0.04718490833751655,1.0,0.03216123997924842,0.0015771253345095199,-0.01999120346215607,0.012076377288908306,-0.04370195874497109
Tariffa_Mensile,0.04992662144213966,0.011393635473779563,0.03216123997924842,1.0,-0.061472263330303104,-0.02185743204618017,0.28686032528144434,-0.10018125791125819
Dati_Consumati,-0.038913701820446005,0.011000207075607577,0.0015771253345095199,-0.061472263330303104,1.0,0.011853462988437879,-0.5946429464828991,0.02191341899238591
Servizio_Clienti_Contatti,0.0042047385624942625,0.03125884517783221,-0.01999120346215607,-0.02185743204618017,0.011853462988437879,1.0,-0.07136144647290209,-0.06522915769911596
Costo_per_GB,0.03838886416649345,-0.011672330802140505,0.012076377288908306,0.28686032528144434,-0.5946429464828991,-0.07136144647290209,1.0,-0.06020392714248758
Churn_Num,-0.0012132225247987406,0.06692463219672491,-0.04370195874497109,-0.10018125791125819,0.02191341899238591,-0.06522915769911596,-0.06020392714248758,1.0
