Churn,Età,Durata_Abbonamento,Tariffa_Mensile,Costo_per_GB
No,49.221635883905016,31.171503957783642,54.44825857519789,7.63742919506725
Sì,52.06611570247934,29.43801652892562,48.45165289256198,6.013203254747327
